{
    "average":0.6223509379214276,
    "battery":33,
    "info":[
        {
            "average":0.6223509379214276,
            "duration":19,
            "duration_pause":0,
            "duration_wait":0,
            "goal_id":"",
            "mileage":9.649551292471735,
            "order_id":34707722,
            "status":true,
            "task_type":3,
            "theme":"",
            "tray_list":[]
        }
    ],
    "mileage":9.649551292471735,
    "task_id":1607167086,
    "total_time":19,
    "hardver":"20.7.14",
    "mac":"C0:84:7D:18:B9:A6",
    "report_number":6626,
    "softver":"4.11.0.49",
    "timestamp":1607167105,
    "type":"delivery"
}
